                  epoch,         train/box_loss,         train/cls_loss,         train/dfl_loss,   metrics/precision(B),      metrics/recall(B),       metrics/mAP50(B),    metrics/mAP50-95(B),           val/box_loss,           val/cls_loss,           val/dfl_loss,                 lr/pg0,                 lr/pg1,                 lr/pg2
                      1,                 1.8812,                 3.0701,                 1.6939,                0.00975,                0.91667,                0.20845,                0.14175,                 1.2168,                 3.2222,                 1.2974,             0.00045009,             0.00045009,             0.00045009
                      2,                  1.409,                 1.8879,                 1.3951,                0.64754,                0.08333,                0.11568,                0.03834,                 1.3616,                  3.443,                  1.451,             0.00091594,             0.00091594,             0.00091594
                      3,                 1.3829,                 1.6727,                 1.3642,                0.36686,                0.35417,                0.36439,                0.20701,                 1.4927,                 2.4535,                 1.4466,              0.0013809,              0.0013809,              0.0013809
                      4,                 1.3846,                 1.5706,                 1.3572,                0.74113,                0.83333,                 0.7856,                0.52156,                  1.257,                 1.5683,                  1.258,               0.001662,               0.001662,               0.001662
                      5,                   1.33,                 1.3907,                  1.311,                0.93099,                  0.875,                0.96641,                0.62396,                 1.2681,                0.99329,                 1.2627,              0.0016604,              0.0016604,              0.0016604
                      6,                 1.3724,                 1.3244,                 1.3752,                 0.8993,                 0.8125,                0.85227,                0.52118,                 1.3824,                 1.4994,                 1.4354,              0.0016587,              0.0016587,              0.0016587
                      7,                 1.3176,                  1.204,                 1.3275,                0.95532,                0.89098,                0.95283,                0.58657,                 1.4206,                 1.5856,                 1.4466,              0.0016571,              0.0016571,              0.0016571
                      8,                 1.3536,                 1.1415,                 1.3439,                0.79933,                0.91289,                0.90739,                0.60959,                 1.2426,                 1.6918,                 1.3357,              0.0016554,              0.0016554,              0.0016554
                      9,                 1.2835,                 1.0349,                 1.2945,                0.97236,                0.91667,                0.97505,                0.64514,                 1.2479,                 3.0978,                 1.3683,              0.0016538,              0.0016538,              0.0016538
                     10,                 1.2473,                0.99665,                 1.3051,                0.76148,                 0.9375,                 0.8266,                0.53066,                 1.2457,                 3.7279,                 1.3351,              0.0016521,              0.0016521,              0.0016521
                     11,                 1.2803,                0.95596,                 1.2969,                0.97771,                0.91376,                0.95716,                0.64729,                 1.1655,                0.90369,                 1.2951,              0.0016505,              0.0016505,              0.0016505
                     12,                 1.2355,                0.90768,                 1.2843,                0.95025,                0.91667,                0.97352,                0.64676,                 1.1788,                0.76654,                 1.2619,              0.0016488,              0.0016488,              0.0016488
                     13,                 1.2306,                0.92278,                 1.2814,                 0.9565,                0.91611,                0.97156,                0.63681,                 1.1491,                 1.8946,                 1.2497,              0.0016472,              0.0016472,              0.0016472
                     14,                 1.2382,                0.89013,                 1.2944,                0.90377,                0.97829,                0.94839,                 0.5992,                 1.1985,                0.72741,                 1.3058,              0.0016455,              0.0016455,              0.0016455
                     15,                 1.2859,                  0.872,                 1.3156,                0.98838,                0.95833,                0.97916,                0.61164,                 1.2963,                 1.0081,                  1.376,              0.0016439,              0.0016439,              0.0016439
                     16,                 1.2317,                0.80196,                 1.2792,                0.99882,                0.97917,                0.99382,                0.66987,                 1.1231,                0.54243,                 1.2532,              0.0016422,              0.0016422,              0.0016422
                     17,                 1.2083,                0.79231,                 1.2658,                0.96103,                      1,                0.97929,                0.66819,                 1.1033,                0.58809,                  1.241,              0.0016406,              0.0016406,              0.0016406
                     18,                 1.2014,                0.80949,                  1.276,                 0.9791,                0.97597,                0.98769,                0.62224,                 1.2326,                0.61978,                  1.296,              0.0016389,              0.0016389,              0.0016389
                     19,                 1.2143,                0.80146,                 1.2773,                      1,                0.62249,                0.76996,                0.46538,                 1.4176,                 1.3608,                 1.4042,              0.0016373,              0.0016373,              0.0016373
                     20,                 1.1956,                0.76681,                 1.2742,                0.97823,                0.93626,                0.97186,                0.59209,                 1.3425,                 1.2554,                 1.3684,              0.0016356,              0.0016356,              0.0016356
                     21,                 1.1873,                0.75661,                 1.2561,                      1,                0.95125,                0.99265,                0.66118,                 1.2102,                0.71747,                 1.2805,               0.001634,               0.001634,               0.001634
                     22,                 1.1799,                 0.7512,                 1.2494,                0.89839,                0.97917,                 0.9676,                0.63885,                 1.2397,                0.89247,                 1.2599,              0.0016323,              0.0016323,              0.0016323
                     23,                 1.1624,                0.72763,                 1.2404,                      1,                0.99836,                  0.995,                0.67807,                 1.1507,                0.52584,                 1.2453,              0.0016307,              0.0016307,              0.0016307
                     24,                 1.2098,                0.73287,                  1.251,                0.93243,                0.86264,                0.93819,                0.63633,                 1.1864,                0.84214,                 1.2829,               0.001629,               0.001629,               0.001629
                     25,                 1.1664,                0.73964,                 1.2522,                0.99748,                0.83333,                0.92252,                0.63588,                 1.1399,                 1.0853,                 1.2977,              0.0016274,              0.0016274,              0.0016274
                     26,                  1.176,                0.76691,                 1.2531,                0.99599,                0.97917,                0.99382,                0.69911,                 1.1985,                0.58593,                 1.2823,              0.0016257,              0.0016257,              0.0016257
                     27,                 1.1664,                0.72626,                 1.2473,                0.97762,                0.97917,                0.98638,                0.66659,                 1.1302,                 0.5799,                 1.2663,              0.0016241,              0.0016241,              0.0016241
                     28,                 1.1464,                0.73189,                  1.229,                0.99515,                      1,                  0.995,                0.67013,                 1.1498,                0.54701,                 1.2398,              0.0016224,              0.0016224,              0.0016224
                     29,                 1.1672,                0.72451,                 1.2505,                0.98713,                      1,                  0.995,                 0.6679,                 1.1698,                0.53631,                 1.2114,              0.0016208,              0.0016208,              0.0016208
                     30,                 1.1628,                0.71081,                 1.2562,                 0.9985,                      1,                  0.995,                0.65769,                  1.206,                0.51725,                 1.2424,              0.0016191,              0.0016191,              0.0016191
                     31,                 1.1699,                0.68449,                 1.2439,                0.99924,                      1,                  0.995,                0.69843,                 1.1095,                0.51396,                 1.1891,              0.0016175,              0.0016175,              0.0016175
                     32,                 1.1204,                0.71684,                 1.2328,                      1,                0.99814,                  0.995,                0.65783,                 1.1384,                0.50595,                 1.2071,              0.0016158,              0.0016158,              0.0016158
                     33,                 1.1204,                0.66561,                  1.197,                0.99423,                      1,                  0.995,                 0.6954,                 1.1706,                0.54983,                 1.2478,              0.0016142,              0.0016142,              0.0016142
                     34,                 1.1142,                0.69567,                 1.2014,                0.97772,                      1,                0.99459,                0.66863,                 1.1266,                 0.5393,                 1.2487,              0.0016125,              0.0016125,              0.0016125
                     35,                 1.1161,                0.66257,                 1.2173,                0.92483,                0.91667,                 0.9743,                0.65775,                 1.1148,                0.63376,                 1.2146,              0.0016109,              0.0016109,              0.0016109
                     36,                 1.1258,                0.68268,                 1.2113,                 0.9581,                0.95289,                0.97454,                0.67093,                 1.1305,                0.60071,                 1.2519,              0.0016092,              0.0016092,              0.0016092
                     37,                 1.1352,                 0.6968,                 1.2299,                0.93987,                      1,                0.99132,                0.68963,                 1.1022,                0.54877,                 1.2262,              0.0016076,              0.0016076,              0.0016076
                     38,                 1.1092,                0.65561,                 1.2134,                0.97737,                      1,                0.99459,                0.65364,                 1.1996,                0.53845,                 1.2585,              0.0016059,              0.0016059,              0.0016059
                     39,                 1.1175,                0.65146,                 1.2212,                0.94044,                0.98697,                0.98893,                0.69944,                 1.0773,                0.54519,                 1.2026,              0.0016043,              0.0016043,              0.0016043
                     40,                 1.0996,                0.64714,                 1.2106,                 0.9269,                0.97917,                0.98432,                0.66118,                 1.1363,                 0.5747,                 1.2279,              0.0016026,              0.0016026,              0.0016026
                     41,                 1.1382,                0.67084,                 1.2317,                0.74995,                 0.7498,                0.75335,                 0.4718,                 1.3526,                   1.51,                 1.3232,               0.001601,               0.001601,               0.001601
                     42,                 1.0837,                0.62851,                  1.215,                0.96932,                0.95833,                0.98737,                0.70723,                 1.0679,                 0.5172,                 1.2225,              0.0015993,              0.0015993,              0.0015993
                     43,                 1.1092,                0.62385,                 1.1966,                0.97472,                      1,                0.99459,                0.72687,                 1.0372,                0.47989,                 1.1637,              0.0015977,              0.0015977,              0.0015977
                     44,                 1.1378,                0.63733,                 1.2228,                0.99812,                      1,                  0.995,                0.70001,                 1.1861,                0.52108,                 1.2368,               0.001596,               0.001596,               0.001596
                     45,                 1.1013,                0.63539,                  1.218,                0.99544,                      1,                  0.995,                0.70632,                 1.1148,                 0.4587,                 1.1933,              0.0015944,              0.0015944,              0.0015944
                     46,                 1.0862,                0.61107,                 1.1964,                0.99741,                0.97917,                0.99459,                0.67312,                 1.1328,                0.50352,                 1.2369,              0.0015927,              0.0015927,              0.0015927
                     47,                 1.0719,                 0.6192,                 1.2118,                0.95762,                0.94167,                0.98908,                0.68131,                 1.1832,                0.58235,                 1.2482,              0.0015911,              0.0015911,              0.0015911
                     48,                 1.1035,                0.63673,                 1.2168,                0.81779,                0.65464,                0.72465,                 0.4576,                 1.4176,                 1.7738,                 1.4757,              0.0015894,              0.0015894,              0.0015894
                     49,                 1.1178,                0.63567,                 1.2052,                0.87053,                0.91667,                0.94953,                0.57984,                 1.3305,                0.72726,                 1.3278,              0.0015878,              0.0015878,              0.0015878
                     50,                 1.0874,                0.64732,                 1.2036,                0.97863,                0.97917,                 0.9942,                0.67483,                 1.1797,                0.48959,                 1.2016,              0.0015861,              0.0015861,              0.0015861
                     51,                 1.0784,                0.60719,                 1.1969,                0.99708,                0.95833,                 0.9934,                0.67064,                 1.1404,                0.54687,                 1.2445,              0.0015845,              0.0015845,              0.0015845
                     52,                 1.0358,                0.57692,                 1.1662,                 0.9985,                0.97917,                0.99311,                0.66149,                 1.1753,                0.49884,                 1.2465,              0.0015828,              0.0015828,              0.0015828
                     53,                  1.028,                0.59084,                 1.1541,                      1,                0.91641,                0.94792,                0.63766,                 1.1775,                0.70111,                 1.2631,              0.0015812,              0.0015812,              0.0015812
                     54,                 1.0758,                0.61584,                 1.2023,                0.97585,                0.97917,                0.99236,                 0.7084,                 1.1588,                0.51868,                 1.2257,              0.0015795,              0.0015795,              0.0015795
                     55,                 1.0298,                0.58225,                 1.1547,                      1,                0.99851,                  0.995,                0.70342,                 1.1436,                0.47408,                 1.2238,              0.0015779,              0.0015779,              0.0015779
                     56,                 1.0208,                0.58196,                  1.172,                0.99845,                0.97917,                0.99346,                0.71702,                 1.0418,                0.47996,                 1.1807,              0.0015762,              0.0015762,              0.0015762
                     57,                 1.0479,                0.58936,                 1.1914,                0.97847,                      1,                0.98827,                0.67061,                 1.0765,                0.50196,                 1.2207,              0.0015746,              0.0015746,              0.0015746
                     58,                 1.0649,                0.59762,                 1.1764,                0.95953,                0.98813,                0.99212,                0.69932,                 1.0859,                0.54711,                 1.1776,              0.0015729,              0.0015729,              0.0015729
                     59,                  1.042,                0.57996,                 1.1619,                      1,                0.99796,                  0.995,                0.71738,                 1.0466,                0.46179,                 1.1737,              0.0015713,              0.0015713,              0.0015713
                     60,                 1.0571,                0.60468,                  1.195,                0.95903,                0.97548,                0.99222,                  0.699,                 1.0745,                0.48179,                 1.2026,              0.0015696,              0.0015696,              0.0015696
                     61,                 1.0401,                 0.6017,                 1.1724,                0.94165,                0.97917,                0.98349,                0.71632,                 1.0922,                0.52006,                 1.1909,               0.001568,               0.001568,               0.001568
                     62,                 1.0216,                0.57234,                 1.1571,                0.97589,                      1,                0.99418,                0.72187,                 1.0357,                0.48179,                 1.1792,              0.0015663,              0.0015663,              0.0015663
                     63,                 1.0255,                0.56447,                 1.1504,                 0.9999,                      1,                  0.995,                0.68524,                 1.1066,                0.46366,                 1.2512,              0.0015647,              0.0015647,              0.0015647
                     64,                 1.0472,                0.57908,                 1.1693,                0.99786,                      1,                  0.995,                0.71857,                 1.0157,                0.44406,                 1.1657,               0.001563,               0.001563,               0.001563
                     65,                 1.0336,                0.59476,                 1.1555,                      1,                0.97552,                0.99459,                0.71646,                 1.0555,                0.47696,                 1.2189,              0.0015614,              0.0015614,              0.0015614
                     66,                 1.0007,                0.56826,                 1.1463,                0.99326,                      1,                  0.995,                0.67758,                 1.1022,                0.48092,                 1.2438,              0.0015597,              0.0015597,              0.0015597
                     67,                  1.025,                0.59116,                 1.1748,                0.99633,                      1,                  0.995,                0.67544,                 1.1845,                0.46857,                   1.27,              0.0015581,              0.0015581,              0.0015581
                     68,                 1.0236,                0.57697,                 1.1602,                0.95441,                0.87233,                0.96505,                0.66372,                 1.1151,                0.60654,                 1.2648,              0.0015564,              0.0015564,              0.0015564
                     69,                 1.0391,                0.57852,                 1.1479,                0.97614,                0.97917,                 0.9942,                0.73049,                   1.02,                0.45935,                 1.1821,              0.0015548,              0.0015548,              0.0015548
                     70,                0.99726,                0.56743,                 1.1516,                0.99798,                      1,                  0.995,                0.73003,                 1.0175,                0.43301,                 1.1742,              0.0015531,              0.0015531,              0.0015531
                     71,                 1.0239,                0.58041,                 1.1729,                0.93949,                      1,                0.99137,                0.73681,                  1.015,                0.47102,                 1.1579,              0.0015515,              0.0015515,              0.0015515
                     72,                 1.0273,                0.58173,                 1.1605,                0.99974,                0.97917,                0.98852,                 0.7162,                 1.0584,                0.47423,                 1.1862,              0.0015498,              0.0015498,              0.0015498
                     73,                0.99797,                0.56381,                 1.1639,                0.99691,                0.95833,                0.98836,                0.71876,                 1.0544,                0.47728,                 1.1705,              0.0015482,              0.0015482,              0.0015482
                     74,                0.98118,                0.56397,                 1.1427,                0.95707,                      1,                0.97183,                0.67788,                 1.0939,                0.48095,                 1.2107,              0.0015465,              0.0015465,              0.0015465
                     75,                0.99489,                0.56024,                 1.1631,                 0.9792,                0.98057,                0.99459,                0.68412,                 1.1415,                0.66781,                 1.2319,              0.0015449,              0.0015449,              0.0015449
                     76,                 1.0148,                0.56516,                 1.1519,                0.99441,                      1,                  0.995,                0.68674,                 1.1488,                 0.4919,                 1.2338,              0.0015432,              0.0015432,              0.0015432
                     77,                 1.0176,                0.55347,                 1.1762,                0.97474,                      1,                0.97561,                0.70319,                  1.041,                 0.4825,                 1.2032,              0.0015416,              0.0015416,              0.0015416
                     78,                 1.0036,                0.55406,                 1.1618,                 0.9772,                      1,                0.99459,                0.71204,                 1.0508,                0.44636,                 1.1902,              0.0015399,              0.0015399,              0.0015399
                     79,                 1.0184,                0.56747,                 1.1593,                      1,                0.99972,                  0.995,                0.69911,                 1.0412,                0.45149,                 1.1888,              0.0015383,              0.0015383,              0.0015383
                     80,                0.98553,                 0.5361,                  1.144,                0.95254,                0.95833,                0.98643,                0.71416,                 1.0941,                0.55677,                 1.2051,              0.0015366,              0.0015366,              0.0015366
                     81,                  1.023,                0.57784,                 1.1585,                 0.9988,                      1,                  0.995,                0.69979,                 1.1373,                0.46888,                 1.2263,               0.001535,               0.001535,               0.001535
                     82,                0.99739,                0.55806,                 1.1563,                0.99942,                0.97917,                0.99459,                0.69224,                 1.0828,                0.46606,                 1.2094,              0.0015333,              0.0015333,              0.0015333
                     83,                 1.0036,                0.54714,                 1.1503,                0.99833,                      1,                  0.995,                 0.7095,                 1.1343,                0.46874,                 1.2334,              0.0015317,              0.0015317,              0.0015317
                     84,                0.99291,                0.55426,                 1.1575,                      1,                0.99894,                  0.995,                  0.686,                 1.1294,                0.46364,                 1.2487,                0.00153,                0.00153,                0.00153
                     85,                 1.0102,                0.54205,                 1.1472,                0.99835,                      1,                  0.995,                0.67042,                 1.2041,                0.48566,                 1.2981,              0.0015284,              0.0015284,              0.0015284
                     86,                  1.026,                 0.5481,                 1.1569,                0.97943,                      1,                0.99459,                0.67955,                 1.0883,                0.45506,                 1.2388,              0.0015267,              0.0015267,              0.0015267
                     87,                 1.0228,                0.55662,                 1.1757,                0.95163,                      1,                0.99296,                0.72931,                 1.0246,                0.47311,                 1.1969,              0.0015251,              0.0015251,              0.0015251
                     88,                0.98206,                0.52965,                 1.1375,                0.91383,                0.88386,                0.98002,                0.64586,                 1.2835,                0.87988,                 1.3234,              0.0015234,              0.0015234,              0.0015234
                     89,                0.99919,                0.56936,                 1.1552,                0.97916,                0.97884,                0.99299,                0.69715,                 1.1278,                0.50423,                 1.2327,              0.0015218,              0.0015218,              0.0015218
                     90,                 1.0061,                0.53849,                  1.137,                0.99187,                      1,                  0.995,                0.73554,                 1.0263,                 0.4128,                 1.1564,              0.0015201,              0.0015201,              0.0015201
                     91,                0.99587,                0.53485,                 1.1256,                0.99296,                      1,                  0.995,                0.69858,                 1.1072,                0.43799,                 1.1777,              0.0015185,              0.0015185,              0.0015185
                     92,                0.94918,                0.53227,                 1.1213,                0.99641,                      1,                  0.995,                0.71784,                 1.0578,                0.43574,                 1.2002,              0.0015168,              0.0015168,              0.0015168
                     93,                0.93309,                0.50398,                 1.1248,                0.97853,                      1,                0.99459,                0.68084,                 1.1341,                 0.4741,                 1.2735,              0.0015152,              0.0015152,              0.0015152
                     94,                0.98642,                0.53371,                 1.1327,                0.99782,                      1,                  0.995,                0.68991,                 1.1177,                0.45201,                 1.2216,              0.0015135,              0.0015135,              0.0015135
                     95,                0.99376,                 0.5247,                 1.1315,                0.99819,                      1,                  0.995,                 0.7131,                 1.0906,                0.42803,                  1.235,              0.0015119,              0.0015119,              0.0015119
                     96,                0.96817,                0.52173,                  1.125,                0.98958,                      1,                  0.995,                 0.7186,                 1.0397,                0.42266,                 1.1998,              0.0015102,              0.0015102,              0.0015102
                     97,                 0.9727,                0.54483,                 1.1393,                0.99613,                      1,                  0.995,                0.72456,                 1.0198,                0.42678,                 1.1942,              0.0015086,              0.0015086,              0.0015086
                     98,                0.96633,                0.54093,                 1.1245,                0.97731,                      1,                0.99337,                0.69733,                 1.1621,                0.47561,                 1.2461,              0.0015069,              0.0015069,              0.0015069
                     99,                0.94311,                 0.5195,                  1.122,                0.97795,                      1,                0.99459,                0.72069,                 1.0803,                0.44091,                 1.1965,              0.0015053,              0.0015053,              0.0015053
                    100,                0.96457,                0.53731,                 1.1504,                      1,                0.97438,                 0.9942,                 0.6953,                  1.126,                0.45343,                 1.2439,              0.0015036,              0.0015036,              0.0015036
                    101,                0.95609,                0.52145,                 1.1305,                 0.9984,                      1,                  0.995,                0.72961,                0.98315,                0.40785,                 1.1592,               0.001502,               0.001502,               0.001502
                    102,                0.95165,                0.52255,                 1.1381,                      1,                0.99842,                  0.995,                0.72692,                 1.0321,                0.45404,                 1.1977,              0.0015003,              0.0015003,              0.0015003
                    103,                0.98543,                0.55578,                 1.1396,                0.97765,                      1,                0.99459,                0.71009,                 1.0845,                0.43272,                 1.2399,              0.0014987,              0.0014987,              0.0014987
                    104,                0.95847,                 0.5261,                 1.1398,                 0.9971,                      1,                  0.995,                0.72148,                 1.0925,                 0.4017,                  1.192,               0.001497,               0.001497,               0.001497
                    105,                0.92786,                0.51766,                 1.1108,                0.99857,                      1,                  0.995,                0.72995,                 1.0283,                0.41571,                 1.1757,              0.0014954,              0.0014954,              0.0014954
                    106,                0.95355,                0.52821,                 1.1359,                      1,                0.99818,                  0.995,                0.69119,                 1.1167,                0.46266,                 1.2498,              0.0014937,              0.0014937,              0.0014937
                    107,                0.90457,                 0.4979,                 1.1171,                0.97749,                      1,                0.99459,                 0.6919,                 1.1411,                0.46935,                 1.2455,              0.0014921,              0.0014921,              0.0014921
                    108,                 0.9767,                0.52832,                 1.1359,                0.97779,                      1,                0.98908,                0.68217,                 1.0988,                0.44221,                 1.2275,              0.0014904,              0.0014904,              0.0014904
                    109,                0.96977,                0.52859,                  1.128,                 0.9776,                      1,                0.99378,                 0.6466,                 1.1626,                0.47313,                 1.3192,              0.0014888,              0.0014888,              0.0014888
                    110,                 0.9816,                0.52617,                  1.136,                 0.9985,                      1,                  0.995,                0.73747,                0.99121,                0.39998,                 1.1711,              0.0014871,              0.0014871,              0.0014871
                    111,                0.92917,                0.50432,                 1.1207,                0.99744,                      1,                  0.995,                0.70415,                 1.0698,                0.42981,                 1.2144,              0.0014855,              0.0014855,              0.0014855
                    112,                0.94068,                0.50943,                 1.1207,                0.99863,                      1,                  0.995,                0.70807,                 1.0446,                0.41633,                 1.1869,              0.0014838,              0.0014838,              0.0014838
                    113,                0.95187,                0.54476,                 1.1115,                0.99804,                      1,                  0.995,                 0.6851,                 1.1024,                0.43395,                 1.2242,              0.0014822,              0.0014822,              0.0014822
                    114,                0.91063,                0.49058,                 1.0904,                0.99893,                      1,                  0.995,                0.72504,                 1.0671,                0.41734,                 1.1942,              0.0014805,              0.0014805,              0.0014805
                    115,                0.94239,                0.51417,                 1.1223,                0.99796,                      1,                  0.995,                0.71842,                 1.0797,                0.43702,                 1.2494,              0.0014789,              0.0014789,              0.0014789
                    116,                0.93346,                0.51722,                 1.1244,                      1,                0.97675,                  0.995,                0.73577,                   1.04,                0.51261,                 1.1779,              0.0014772,              0.0014772,              0.0014772
                    117,                 0.9135,                0.49588,                 1.1155,                0.99833,                      1,                  0.995,                0.68169,                  1.135,                0.42113,                 1.2543,              0.0014756,              0.0014756,              0.0014756
                    118,                0.92253,                0.51895,                 1.1059,                0.99855,                      1,                  0.995,                0.73315,                 1.0299,                0.40683,                 1.1969,              0.0014739,              0.0014739,              0.0014739
                    119,                0.94983,                0.51525,                 1.1069,                0.99864,                      1,                  0.995,                0.72804,                 1.0433,                0.40684,                 1.1886,              0.0014723,              0.0014723,              0.0014723
                    120,                 0.9259,                0.50376,                 1.1115,                0.99646,                      1,                  0.995,                0.72003,                 1.0617,                0.41709,                 1.1895,              0.0014706,              0.0014706,              0.0014706
                    121,                0.91711,                0.49746,                 1.0942,                0.99256,                      1,                  0.995,                0.75164,                0.97201,                0.41155,                 1.1552,               0.001469,               0.001469,               0.001469
                    122,                0.91887,                0.49807,                 1.1139,                0.99993,                      1,                  0.995,                0.71155,                 1.0768,                0.41555,                 1.2436,              0.0014673,              0.0014673,              0.0014673
                    123,                0.91399,                0.48583,                 1.1091,                0.99854,                      1,                  0.995,                0.70295,                 1.1204,                0.41679,                 1.2176,              0.0014657,              0.0014657,              0.0014657
                    124,                0.91724,                0.49691,                 1.0866,                0.99931,                      1,                  0.995,                0.68882,                 1.1289,                0.43781,                 1.2325,               0.001464,               0.001464,               0.001464
                    125,                0.90446,                0.49221,                 1.0887,                0.99784,                      1,                  0.995,                0.71787,                 1.0254,                0.42665,                 1.1855,              0.0014624,              0.0014624,              0.0014624
                    126,                0.89957,                 0.4896,                 1.0889,                0.99587,                0.97917,                0.99459,                0.71441,                 1.0656,                0.49089,                 1.2175,              0.0014607,              0.0014607,              0.0014607
                    127,                0.92758,                0.52006,                 1.1109,                 0.9983,                      1,                  0.995,                 0.7306,                 1.0611,                0.42172,                  1.217,              0.0014591,              0.0014591,              0.0014591
                    128,                0.89206,                0.48463,                 1.0979,                0.99693,                      1,                  0.995,                 0.7451,                  1.007,                0.39059,                 1.1849,              0.0014574,              0.0014574,              0.0014574
                    129,                0.86898,                0.46473,                 1.0856,                0.97828,                      1,                0.99459,                0.73035,                 1.0656,                 0.4207,                 1.1979,              0.0014558,              0.0014558,              0.0014558
                    130,                0.88155,                0.48537,                 1.0862,                0.99801,                      1,                  0.995,                0.71805,                 1.0793,                0.41672,                 1.2309,              0.0014541,              0.0014541,              0.0014541
                    131,                0.89145,                0.48459,                 1.0855,                0.97996,                      1,                  0.995,                0.74303,                  1.039,                0.40731,                  1.184,              0.0014525,              0.0014525,              0.0014525
                    132,                0.91602,                0.49333,                 1.0992,                0.97817,                      1,                0.98745,                0.72872,                 1.0103,                0.42539,                 1.1971,              0.0014508,              0.0014508,              0.0014508
                    133,                0.90363,                0.49947,                 1.0868,                0.99438,                      1,                  0.995,                0.72272,                 1.0471,                0.41679,                 1.2183,              0.0014492,              0.0014492,              0.0014492
                    134,                0.88747,                 0.4799,                 1.0884,                0.97937,                      1,                0.99459,                0.69897,                 1.0639,                0.41811,                 1.2252,              0.0014475,              0.0014475,              0.0014475
                    135,                0.90506,                0.48705,                  1.098,                 0.9978,                      1,                  0.995,                0.71508,                 1.0592,                0.40669,                  1.242,              0.0014459,              0.0014459,              0.0014459
                    136,                0.87797,                0.49539,                 1.0801,                      1,                 0.9972,                  0.995,                0.72688,                 1.0785,                0.46047,                 1.2057,              0.0014442,              0.0014442,              0.0014442
                    137,                0.90387,                0.49856,                 1.1002,                0.97928,                      1,                  0.995,                0.69835,                 1.1234,                0.42752,                 1.2167,              0.0014426,              0.0014426,              0.0014426
                    138,                0.90347,                 0.4818,                 1.0867,                0.98247,                      1,                  0.995,                0.70227,                 1.1376,                0.43334,                 1.2586,              0.0014409,              0.0014409,              0.0014409
                    139,                0.86254,                0.46568,                 1.0695,                0.91251,                0.79167,                0.94213,                0.57482,                 1.4248,                0.93815,                 1.4977,              0.0014393,              0.0014393,              0.0014393
                    140,                0.90241,                0.48942,                 1.0855,                 0.9984,                      1,                  0.995,                0.70056,                 1.0906,                0.41314,                 1.2496,              0.0014376,              0.0014376,              0.0014376
                    141,                 0.8681,                 0.4701,                 1.0673,                      1,                0.97879,                0.99459,                0.68363,                 1.1351,                0.44363,                 1.2689,               0.001436,               0.001436,               0.001436
                    142,                0.87581,                0.46919,                 1.0749,                0.99792,                      1,                  0.995,                0.72631,                 1.0711,                0.41366,                  1.214,              0.0014343,              0.0014343,              0.0014343
                    143,                0.87719,                0.46937,                 1.0579,                0.99782,                      1,                  0.995,                0.71806,                 1.0592,                0.42603,                 1.2003,              0.0014327,              0.0014327,              0.0014327
                    144,                0.86957,                0.47285,                   1.07,                 0.9768,                      1,                0.98316,                0.70714,                 1.0589,                0.42275,                 1.2359,               0.001431,               0.001431,               0.001431
                    145,                0.87508,                 0.4727,                 1.0649,                 0.9735,                      1,                0.99418,                0.72957,                 1.0703,                0.43216,                 1.2106,              0.0014294,              0.0014294,              0.0014294
                    146,                0.89534,                0.49039,                 1.0832,                0.99957,                      1,                  0.995,                0.72036,                 1.0651,                0.40766,                 1.2246,              0.0014277,              0.0014277,              0.0014277
                    147,                0.86469,                0.45517,                 1.0768,                0.97754,                      1,                0.99092,                0.70275,                 1.1354,                0.44184,                 1.2483,              0.0014261,              0.0014261,              0.0014261
                    148,                0.85801,                0.47354,                 1.0849,                0.99859,                      1,                  0.995,                0.71731,                 1.0466,                0.39764,                   1.23,              0.0014244,              0.0014244,              0.0014244
                    149,                0.83262,                0.45965,                 1.0718,                0.99759,                      1,                  0.995,                0.69199,                 1.1023,                 0.4228,                 1.2633,              0.0014228,              0.0014228,              0.0014228
                    150,                0.87341,                0.46496,                 1.0817,                0.99865,                      1,                  0.995,                0.71306,                 1.0539,                0.39772,                 1.2363,              0.0014211,              0.0014211,              0.0014211
                    151,                0.82347,                 0.4636,                 1.0583,                 0.9991,                      1,                  0.995,                0.72506,                 1.0349,                0.40722,                 1.2265,              0.0014195,              0.0014195,              0.0014195
                    152,                0.84688,                0.46099,                 1.0677,                0.99864,                      1,                  0.995,                0.70679,                 1.0519,                0.39441,                 1.2347,              0.0014178,              0.0014178,              0.0014178
                    153,                0.85589,                0.44959,                 1.0782,                0.99875,                      1,                  0.995,                0.73094,                 1.0487,                 0.4022,                 1.2325,              0.0014161,              0.0014161,              0.0014161
                    154,                0.84484,                0.45178,                 1.0627,                      1,                0.97668,                0.98852,                0.69379,                 1.1329,                0.45453,                 1.2405,              0.0014145,              0.0014145,              0.0014145
                    155,                0.84838,                0.46942,                 1.0618,                0.99869,                      1,                  0.995,                0.74127,                 1.0182,                0.38042,                 1.1722,              0.0014128,              0.0014128,              0.0014128
                    156,                0.85772,                 0.4648,                 1.0876,                0.97705,                      1,                0.99459,                0.66943,                 1.1613,                0.44063,                 1.2951,              0.0014112,              0.0014112,              0.0014112
                    157,                0.86698,                0.47025,                 1.0818,                0.99772,                      1,                  0.995,                0.67707,                 1.1441,                0.43532,                 1.3357,              0.0014095,              0.0014095,              0.0014095
                    158,                0.86441,                 0.4581,                 1.0693,                0.99864,                      1,                  0.995,                0.71535,                 1.0594,                 0.4051,                 1.1907,              0.0014079,              0.0014079,              0.0014079
                    159,                0.88709,                0.48684,                 1.0796,                0.99829,                      1,                  0.995,                0.69413,                 1.1626,                0.41812,                  1.259,              0.0014062,              0.0014062,              0.0014062
                    160,                0.87026,                0.47804,                 1.0951,                0.99745,                      1,                  0.995,                 0.7129,                  1.024,                0.38321,                 1.2102,              0.0014046,              0.0014046,              0.0014046
                    161,                0.85112,                0.46801,                 1.0691,                0.97871,                      1,                0.99459,                0.71837,                 1.0383,                0.39113,                 1.2126,              0.0014029,              0.0014029,              0.0014029
                    162,                0.87798,                0.47198,                 1.0854,                0.97766,                0.97917,                0.99263,                 0.7051,                 1.0888,                0.45485,                 1.2355,              0.0014013,              0.0014013,              0.0014013
                    163,                0.85749,                0.48578,                 1.0575,                 0.9979,                      1,                  0.995,                0.71572,                 1.0504,                 0.3849,                 1.1885,              0.0013996,              0.0013996,              0.0013996
                    164,                0.85584,                 0.4697,                 1.0829,                0.99801,                0.97917,                0.99459,                0.69224,                 1.1347,                0.42236,                 1.2703,               0.001398,               0.001398,               0.001398
                    165,                0.84294,                0.44991,                 1.0529,                0.97829,                      1,                0.99337,                0.69087,                 1.1307,                0.44497,                 1.2486,              0.0013963,              0.0013963,              0.0013963
                    166,                0.85406,                0.46333,                 1.0631,                0.97838,                      1,                0.98153,                0.69821,                 1.0731,                0.42305,                 1.2358,              0.0013947,              0.0013947,              0.0013947
                    167,                0.87942,                0.45908,                 1.0718,                0.99613,                      1,                  0.995,                0.71204,                 1.0447,                0.39165,                 1.2456,               0.001393,               0.001393,               0.001393
                    168,                0.84889,                 0.4523,                 1.0756,                0.99263,                      1,                  0.995,                0.68261,                 1.1579,                 0.4179,                 1.2969,              0.0013914,              0.0013914,              0.0013914
                    169,                 0.8574,                0.46494,                 1.0712,                 0.9986,                0.97917,                0.97885,                0.70275,                 1.0711,                0.46445,                 1.2061,              0.0013897,              0.0013897,              0.0013897
                    170,                0.84658,                0.45938,                 1.0756,                0.99817,                      1,                  0.995,                0.68418,                 1.1188,                0.42545,                 1.2884,              0.0013881,              0.0013881,              0.0013881
                    171,                0.84587,                0.45366,                 1.0495,                0.99809,                      1,                  0.995,                0.68423,                 1.1236,                0.40568,                 1.2865,              0.0013864,              0.0013864,              0.0013864
                    172,                0.82933,                0.45146,                 1.0491,                0.99846,                      1,                  0.995,                0.70762,                 1.0748,                0.41291,                 1.2029,              0.0013848,              0.0013848,              0.0013848
                    173,                0.83439,                0.45775,                 1.0641,                0.97956,                0.99832,                0.99378,                0.68494,                 1.1223,                0.44172,                 1.2378,              0.0013831,              0.0013831,              0.0013831
                    174,                0.83532,                0.45157,                 1.0548,                0.99615,                      1,                  0.995,                 0.7143,                 1.1003,                0.40545,                 1.2065,              0.0013815,              0.0013815,              0.0013815
                    175,                0.85927,                0.46233,                 1.0629,                0.97704,                      1,                0.97847,                0.69088,                 1.0908,                0.41755,                 1.2424,              0.0013798,              0.0013798,              0.0013798
                    176,                0.81774,                0.45195,                 1.0574,                0.97771,                      1,                 0.9752,                0.70168,                 1.0222,                0.40325,                 1.1935,              0.0013782,              0.0013782,              0.0013782
                    177,                0.82259,                0.45067,                 1.0329,                0.99271,                      1,                  0.995,                0.69617,                  1.069,                0.39919,                 1.2211,              0.0013765,              0.0013765,              0.0013765
                    178,                0.82858,                 0.4611,                 1.0586,                0.99865,                      1,                  0.995,                 0.6882,                 1.1031,                0.42365,                 1.2482,              0.0013749,              0.0013749,              0.0013749
                    179,                0.85651,                0.47859,                 1.0711,                 0.9975,                      1,                  0.995,                0.68224,                  1.141,                0.43987,                 1.2684,              0.0013732,              0.0013732,              0.0013732
                    180,                0.84141,                0.47491,                 1.0592,                      1,                0.99934,                  0.995,                0.70452,                 1.1134,                0.42626,                 1.2637,              0.0013716,              0.0013716,              0.0013716
                    181,                0.82389,                0.44612,                  1.054,                 0.9983,                      1,                  0.995,                 0.7346,                 1.0157,                0.40466,                 1.2049,              0.0013699,              0.0013699,              0.0013699
                    182,                0.81467,                0.44457,                 1.0406,                0.99864,                      1,                  0.995,                0.74522,                 1.0332,                0.39204,                 1.2325,              0.0013683,              0.0013683,              0.0013683
                    183,                0.80214,                0.43544,                 1.0459,                0.99855,                      1,                  0.995,                0.72462,                 1.0752,                0.40893,                 1.2072,              0.0013666,              0.0013666,              0.0013666
                    184,                0.79118,                0.43549,                 1.0369,                0.99866,                      1,                  0.995,                0.70962,                 1.0416,                0.39955,                 1.2243,               0.001365,               0.001365,               0.001365
                    185,                0.83363,                0.42896,                 1.0391,                0.99893,                      1,                  0.995,                0.74012,                 1.0211,                0.38832,                 1.2227,              0.0013633,              0.0013633,              0.0013633
                    186,                0.81832,                0.44433,                  1.034,                0.97821,                      1,                0.99459,                0.75083,                 1.0589,                0.39629,                 1.2346,              0.0013617,              0.0013617,              0.0013617
                    187,                0.82913,                0.44244,                 1.0431,                      1,                0.99817,                  0.995,                0.70019,                 1.1515,                 0.4249,                 1.2981,                0.00136,                0.00136,                0.00136
                    188,                0.80981,                0.44574,                  1.041,                0.99968,                      1,                  0.995,                 0.7166,                 1.0827,                 0.4072,                 1.2202,              0.0013584,              0.0013584,              0.0013584
                    189,                0.79859,                0.43835,                  1.031,                0.99737,                      1,                  0.995,                0.73179,                 1.0649,                0.39724,                 1.2552,              0.0013567,              0.0013567,              0.0013567
                    190,                0.79474,                0.45021,                 1.0386,                0.99898,                      1,                  0.995,                0.71367,                 1.0941,                0.39281,                 1.2256,              0.0013551,              0.0013551,              0.0013551
                    191,                0.80412,                0.43174,                 1.0458,                      1,                0.99786,                  0.995,                 0.7363,                 1.0213,                0.39095,                 1.1986,              0.0013534,              0.0013534,              0.0013534
                    192,                0.81131,                0.45181,                 1.0467,                0.97788,                0.97917,                0.99337,                0.68168,                 1.1607,                0.44897,                 1.3504,              0.0013518,              0.0013518,              0.0013518
                    193,                0.79902,                0.43753,                 1.0464,                0.98928,                      1,                  0.995,                0.72453,                 1.0325,                0.39834,                 1.1923,              0.0013501,              0.0013501,              0.0013501
                    194,                0.82999,                0.45189,                 1.0559,                 0.9992,                      1,                  0.995,                0.66132,                 1.2019,                 0.4289,                 1.3307,              0.0013485,              0.0013485,              0.0013485
                    195,                0.79277,                0.44518,                 1.0354,                0.98616,                      1,                  0.995,                0.69801,                 1.0761,                0.40131,                 1.1922,              0.0013468,              0.0013468,              0.0013468
                    196,                0.80385,                0.44298,                 1.0469,                0.99705,                      1,                  0.995,                0.66439,                 1.1795,                0.42623,                 1.3488,              0.0013452,              0.0013452,              0.0013452
                    197,                 0.7874,                0.44347,                 1.0388,                0.95705,                      1,                0.97607,                0.71629,                 1.0438,                0.41365,                 1.2093,              0.0013435,              0.0013435,              0.0013435
                    198,                0.78401,                 0.4313,                 1.0289,                0.97876,                      1,                  0.995,                 0.7253,                 1.0356,                0.39253,                 1.2145,              0.0013419,              0.0013419,              0.0013419
                    199,                0.77681,                0.42679,                 1.0246,                0.99677,                      1,                  0.995,                0.71786,                 1.0919,                0.40423,                 1.2288,              0.0013402,              0.0013402,              0.0013402
                    200,                0.80369,                0.43645,                 1.0422,                0.97951,                      1,                  0.995,                0.71723,                 1.0768,                0.39556,                 1.2131,              0.0013386,              0.0013386,              0.0013386
                    201,                0.79199,                0.43573,                 1.0291,                 0.9725,                      1,                0.98622,                0.66973,                  1.151,                 0.4376,                 1.2949,              0.0013369,              0.0013369,              0.0013369
                    202,                0.76963,                 0.4248,                 1.0279,                0.97824,                      1,                0.99214,                0.70744,                 1.1056,                0.41797,                 1.2313,              0.0013353,              0.0013353,              0.0013353
                    203,                0.78167,                0.43928,                  1.032,                0.99862,                      1,                  0.995,                0.70843,                  1.087,                0.39823,                 1.2498,              0.0013336,              0.0013336,              0.0013336
                    204,                0.76455,                0.42587,                 1.0185,                0.99583,                      1,                  0.995,                0.73283,                 1.0431,                0.39074,                 1.2111,               0.001332,               0.001332,               0.001332
                    205,                0.77621,                0.42864,                 1.0268,                0.97806,                      1,                0.99133,                0.67245,                 1.1466,                0.41868,                 1.2956,              0.0013303,              0.0013303,              0.0013303
                    206,                0.79576,                0.44253,                  1.042,                0.97929,                      1,                0.99459,                0.69975,                 1.0906,                0.42826,                 1.2625,              0.0013287,              0.0013287,              0.0013287
                    207,                0.76445,                0.41484,                 1.0211,                0.99338,                      1,                  0.995,                0.70557,                 1.0734,                0.40832,                 1.2412,               0.001327,               0.001327,               0.001327
                    208,                0.79405,                0.44095,                 1.0292,                0.99739,                      1,                  0.995,                0.72699,                 1.0331,                0.38438,                 1.2338,              0.0013254,              0.0013254,              0.0013254
                    209,                0.79997,                0.43727,                 1.0385,                0.99738,                      1,                  0.995,                 0.7223,                  1.061,                0.39345,                 1.2593,              0.0013237,              0.0013237,              0.0013237
                    210,                0.78909,                  0.432,                 1.0189,                0.99904,                      1,                  0.995,                0.74993,                 1.0357,                 0.3801,                 1.2535,              0.0013221,              0.0013221,              0.0013221
                    211,                0.80179,                0.43282,                 1.0504,                0.99782,                      1,                  0.995,                0.71629,                 1.0744,                0.38801,                 1.2506,              0.0013204,              0.0013204,              0.0013204
                    212,                0.80453,                0.45798,                 1.0645,                0.97829,                      1,                0.98071,                0.66664,                 1.1719,                0.43959,                 1.2907,              0.0013188,              0.0013188,              0.0013188
                    213,                0.75527,                0.42972,                 1.0241,                0.97818,                      1,                0.99459,                 0.7215,                  1.059,                0.38703,                 1.1999,              0.0013171,              0.0013171,              0.0013171
                    214,                0.78485,                0.44245,                 1.0153,                0.99892,                      1,                  0.995,                0.72856,                 1.0375,                 0.3932,                 1.2125,              0.0013155,              0.0013155,              0.0013155
                    215,                0.77848,                0.43082,                 1.0239,                      1,                 0.9951,                  0.995,                0.72388,                  1.126,                0.41673,                 1.2284,              0.0013138,              0.0013138,              0.0013138
                    216,                0.78282,                0.43025,                 1.0292,                0.99887,                      1,                  0.995,                0.70143,                 1.1577,                0.40829,                 1.3202,              0.0013122,              0.0013122,              0.0013122
                    217,                0.80462,                0.44149,                 1.0314,                0.99876,                      1,                  0.995,                0.72285,                  1.068,                0.39742,                 1.2381,              0.0013105,              0.0013105,              0.0013105
                    218,                 0.7763,                0.43771,                  1.033,                0.99855,                      1,                  0.995,                0.71476,                 1.1102,                 0.3933,                 1.3011,              0.0013089,              0.0013089,              0.0013089
                    219,                0.76047,                0.42685,                 1.0162,                0.99774,                      1,                  0.995,                0.69787,                  1.122,                0.40498,                 1.2699,              0.0013072,              0.0013072,              0.0013072
                    220,                 0.7932,                 0.4439,                 1.0281,                0.97203,                      1,                0.99459,                 0.7365,                 1.0477,                0.40598,                 1.1964,              0.0013056,              0.0013056,              0.0013056
                    221,                0.78062,                0.42983,                 1.0286,                0.99861,                      1,                  0.995,                0.73339,                   1.04,                0.37666,                  1.211,              0.0013039,              0.0013039,              0.0013039
